time,month,side,conf,entry,pnl,outcome,phase,hour
2025-09-21 00:30:00+05:30,2025-09,SELL,0.585,115682.5,-1013.9142954386407,SL,trend-up,0
2025-09-22 00:00:00+05:30,2025-09,SELL,0.728,115501.0,219.00008353101862,BE/TRAIL,accumulation,0
2025-09-22 03:45:00+05:30,2025-09,BUY,0.552,115280.5,120.54675715075379,BE/TRAIL,trend-down,3
2025-09-22 05:45:00+05:30,2025-09,BUY,0.529,115140.5,-766.3723867297022,SL,trend-down,5
2025-09-23 07:30:00+05:30,2025-09,BUY,0.565,112362.5,-654.9779703851095,SL,accumulation,7
2025-09-23 15:15:00+05:30,2025-09,SELL,0.656,112904.5,-687.3339933450119,SL,accumulation,15
2025-09-24 14:45:00+05:30,2025-09,SELL,0.606,112571.0,-703.0571917481277,SL,accumulation,14
2025-09-24 15:30:00+05:30,2025-09,SELL,0.517,112774.5,-708.923699112767,SL,accumulation,15
2025-09-25 00:00:00+05:30,2025-09,SELL,0.82,113616.0,987.7640273070134,TP2,trend-up,0
2025-09-25 13:45:00+05:30,2025-09,SELL,0.553,111991.0,1022.9155022370571,TP2,trend-down,13
2025-09-25 18:15:00+05:30,2025-09,BUY,0.616,111090.5,236.61971241696074,BE/TRAIL,trend-down,18
2025-09-26 00:45:00+05:30,2025-09,SELL,0.917,109790.0,332.52265746263345,BE/TRAIL,trend-down,0
2025-09-26 08:45:00+05:30,2025-09,BUY,0.674,109323.0,-625.3159900916634,SL,accumulation,8
2025-09-26 13:15:00+05:30,2025-09,BUY,0.827,109268.5,-597.4022717833742,SL,accumulation,13
2025-09-27 07:45:00+05:30,2025-09,BUY,0.65,109305.5,231.02372847794675,BE/TRAIL,accumulation,7
2025-09-27 13:30:00+05:30,2025-09,BUY,0.784,109255.5,-860.7022428194551,SL,accumulation,13
2025-09-27 14:45:00+05:30,2025-09,BUY,0.739,109049.0,911.4029442500415,TP2,trend-down,14
2025-09-28 01:15:00+05:30,2025-09,BUY,0.578,109380.5,838.7173459117447,TP2,accumulation,1
2025-09-28 04:00:00+05:30,2025-09,BUY,0.541,109560.0,-1029.597843512242,SL,accumulation,4
2025-09-28 04:30:00+05:30,2025-09,BUY,0.608,109551.0,-983.0708530242694,SL,trend-up,4
2025-09-29 00:00:00+05:30,2025-09,BUY,0.642,110148.5,981.6286189413546,TP2,trend-up,0
2025-09-29 02:15:00+05:30,2025-09,BUY,0.759,110750.5,984.0114030488037,TP2,trend-up,2
2025-09-29 04:15:00+05:30,2025-09,SELL,0.63,111892.0,-664.7482349536085,SL,trend-up,4
2025-09-30 00:00:00+05:30,2025-09,SELL,0.757,113957.0,-623.5661702827202,SL,trend-up,0
2025-09-30 01:30:00+05:30,2025-09,SELL,0.782,114322.5,-622.8302557477919,SL,trend-up,1
2025-10-01 00:00:00+05:30,2025-10,BUY,0.875,113427.0,1023.7167521819622,TP2,trend-down,0
2025-10-01 04:00:00+05:30,2025-10,BUY,0.846,113883.0,1039.322198195235,TP2,trend-up,4
2025-10-01 14:00:00+05:30,2025-10,SELL,0.625,115597.5,-644.4629510499816,SL,distribution,14
2025-10-02 00:00:00+05:30,2025-10,BUY,0.668,117041.5,1065.605313680434,TP2,trend-up,0
2025-10-02 05:00:00+05:30,2025-10,SELL,0.561,118275.0,-634.0070888006668,SL,trend-up,5
2025-10-02 08:15:00+05:30,2025-10,BUY,0.566,118708.5,-633.7137536354409,SL,trend-up,8
2025-10-03 00:30:00+05:30,2025-10,SELL,0.681,121000.0,1012.0214305876653,TP2,trend-up,0
2025-10-03 14:45:00+05:30,2025-10,SELL,0.623,120276.0,-676.7319633426464,SL,trend-down,14
2025-10-03 20:30:00+05:30,2025-10,SELL,0.633,120812.5,-626.8831656237712,SL,distribution,20
2025-10-04 08:45:00+05:30,2025-10,SELL,0.674,122031.0,-674.7128124534092,SL,distribution,8
2025-10-04 09:30:00+05:30,2025-10,SELL,0.7,122246.5,-674.4438786218504,SL,distribution,9
2025-10-05 00:00:00+05:30,2025-10,BUY,0.826,121634.5,977.2270518173582,TP2,distribution,0
2025-10-05 06:30:00+05:30,2025-10,BUY,0.626,122287.5,-799.3063148675149,SL,distribution,6
2025-10-05 07:00:00+05:30,2025-10,BUY,0.599,122361.5,939.4884595277534,TP2,distribution,7
2025-10-06 00:00:00+05:30,2025-10,BUY,0.762,122964.5,-617.2438332371516,SL,trend-down,0
2025-10-06 00:45:00+05:30,2025-10,BUY,0.764,122808.5,-615.4255618169058,SL,trend-down,0
2025-10-07 00:00:00+05:30,2025-10,SELL,0.894,125413.5,-611.2281595943697,SL,trend-up,0
2025-10-07 00:30:00+05:30,2025-10,SELL,0.823,125612.0,1016.8280035123142,TP2,trend-up,0
2025-10-07 15:30:00+05:30,2025-10,SELL,0.541,124295.5,-648.4561491497326,SL,trend-down,15
2025-10-08 12:00:00+05:30,2025-10,SELL,0.585,121549.0,-646.2135330949469,SL,trend-down,12
2025-10-08 14:45:00+05:30,2025-10,SELL,0.572,122497.5,-598.1977287732414,SL,trend-up,14
2025-10-09 00:00:00+05:30,2025-10,SELL,0.699,123517.5,1087.28278393279,TP2,trend-up,0
2025-10-09 23:00:00+05:30,2025-10,SELL,0.682,120412.5,-576.4974210891152,SL,trend-down,23
2025-10-09 23:45:00+05:30,2025-10,SELL,0.637,120648.5,-569.1930088345407,SL,trend-down,23
2025-10-10 21:00:00+05:30,2025-10,SELL,0.657,119532.5,1095.4684983185912,TP2,trend-down,21
2025-10-10 22:45:00+05:30,2025-10,SELL,0.678,118129.5,424.45014544799994,TIMEOUT,trend-down,22
2025-10-11 01:00:00+05:30,2025-10,SELL,0.798,116890.0,1281.5667471571594,BE/TRAIL,trend-down,1
2025-10-11 21:00:00+05:30,2025-10,BUY,0.659,111896.0,-587.3826191723067,SL,accumulation,21
2025-10-12 14:00:00+05:30,2025-10,BUY,0.522,111557.0,-605.8349452448157,SL,trend-up,14
2025-10-12 19:00:00+05:30,2025-10,SELL,0.53,111755.5,272.46219879425917,BE/TRAIL,trend-up,19
2025-10-12 20:30:00+05:30,2025-10,SELL,0.667,113151.5,-532.5740131718204,SL,trend-up,20
2025-10-13 00:00:00+05:30,2025-10,BUY,0.712,113565.0,571.1949781475391,BE/TRAIL,trend-up,0
2025-10-13 21:45:00+05:30,2025-10,BUY,0.566,114390.5,467.754398232,TIMEOUT,accumulation,21
2025-10-14 00:45:00+05:30,2025-10,SELL,0.778,115562.0,1024.0126525466903,TP2,trend-up,0
2025-10-14 11:45:00+05:30,2025-10,SELL,0.604,112249.5,333.7026537861613,BE/TRAIL,trend-down,11
2025-10-14 15:30:00+05:30,2025-10,BUY,0.643,110904.5,-551.6475303426791,SL,trend-down,15
2025-10-15 11:00:00+05:30,2025-10,BUY,0.602,112513.0,-585.1415449369946,SL,accumulation,11
2025-10-15 12:00:00+05:30,2025-10,BUY,0.566,112282.0,471.78673665911117,BE/TRAIL,accumulation,12
2025-10-15 15:45:00+05:30,2025-10,BUY,0.608,112370.0,-581.4879468968005,SL,accumulation,15
2025-10-16 05:30:00+05:30,2025-10,BUY,0.585,110500.0,540.6465335732676,BE/TRAIL,accumulation,5
2025-10-16 11:00:00+05:30,2025-10,BUY,0.617,111304.5,-584.256046770888,SL,accumulation,11
2025-10-16 11:30:00+05:30,2025-10,BUY,0.681,110888.0,278.2939494332452,BE/TRAIL,accumulation,11
2025-10-17 11:00:00+05:30,2025-10,BUY,0.612,108509.5,-623.1709969279354,SL,accumulation,11
2025-10-17 13:30:00+05:30,2025-10,BUY,0.635,105105.5,-532.4913273982888,SL,trend-down,13
2025-10-18 11:45:00+05:30,2025-10,BUY,0.661,106814.0,327.2625049567223,BE/TRAIL,accumulation,11
2025-10-19 00:00:00+05:30,2025-10,BUY,0.661,106809.5,327.96806607863294,BE/TRAIL,accumulation,0
2025-10-19 02:45:00+05:30,2025-10,BUY,0.638,107057.5,-679.6895853319498,SL,accumulation,2
2025-10-19 07:45:00+05:30,2025-10,BUY,0.585,106843.5,399.8477754307658,BE/TRAIL,accumulation,7
2025-10-20 14:45:00+05:30,2025-10,BUY,0.637,110771.5,373.3330008389365,BE/TRAIL,trend-up,14
2025-10-21 00:00:00+05:30,2025-10,SELL,0.85,110740.5,1045.403114684291,TP2,trend-up,0
2025-10-22 01:15:00+05:30,2025-10,SELL,0.695,111732.5,1013.079260005599,TP2,trend-up,1
2025-10-22 04:00:00+05:30,2025-10,SELL,0.74,109113.0,587.0731578452861,BE/TRAIL,trend-up,4
2025-10-23 02:30:00+05:30,2025-10,BUY,0.833,107099.5,1069.9852657452914,TP2,trend-down,2
2025-10-23 11:00:00+05:30,2025-10,BUY,0.611,108611.0,1019.1104235628671,TP2,trend-up,11
2025-10-23 14:45:00+05:30,2025-10,BUY,0.577,109388.5,-588.1420084100012,SL,trend-up,14
2025-10-24 01:30:00+05:30,2025-10,BUY,0.749,109863.5,-574.6920742617307,SL,trend-up,1
2025-10-24 02:30:00+05:30,2025-10,BUY,0.868,109676.5,1015.7812443364026,TP2,trend-up,2
2025-10-24 16:45:00+05:30,2025-10,BUY,0.578,111084.5,-637.4840502319394,SL,distribution,16
2025-10-25 02:30:00+05:30,2025-10,BUY,0.721,110602.5,1034.655040758397,TP2,distribution,2
2025-10-26 00:30:00+05:30,2025-10,SELL,0.572,111558.0,145.78601592442658,BE/TRAIL,trend-up,0
2025-10-26 04:45:00+05:30,2025-10,SELL,0.521,111593.5,-836.4561268998002,SL,distribution,4
2025-10-26 07:45:00+05:30,2025-10,SELL,0.589,111626.5,297.2586942061696,BE/TRAIL,distribution,7
2025-10-27 00:00:00+05:30,2025-10,BUY,0.774,113665.0,-662.8264002673911,SL,trend-up,0
2025-10-27 02:00:00+05:30,2025-10,BUY,0.808,113453.0,-677.7231372313879,SL,trend-up,2
2025-10-28 00:00:00+05:30,2025-10,SELL,0.907,115431.0,1012.1846823299647,TP2,distribution,0
2025-10-28 06:00:00+05:30,2025-10,SELL,0.603,113969.0,-640.3150673489579,SL,trend-down,6
2025-10-28 08:00:00+05:30,2025-10,SELL,0.597,113891.0,-639.5142307790943,SL,trend-down,8
2025-10-29 00:00:00+05:30,2025-10,SELL,0.82,114711.5,1019.0242952265056,TP2,distribution,0
2025-10-30 08:00:00+05:30,2025-10,SELL,0.704,110930.5,1046.4316594240133,TP2,trend-down,8
2025-10-31 00:00:00+05:30,2025-10,BUY,0.78,106955.0,-551.5640343822035,SL,trend-down,0
2025-10-31 01:15:00+05:30,2025-10,BUY,0.794,106508.5,1053.903182522681,TP2,trend-down,1
2025-10-31 06:15:00+05:30,2025-10,SELL,0.649,109283.0,-577.0783020548253,SL,trend-down,6
2025-11-01 16:00:00+05:30,2025-11,SELL,0.551,110050.5,213.8307981497258,BE/TRAIL,trend-up,16
2025-11-02 03:15:00+05:30,2025-11,BUY,0.694,109826.5,995.7506761822409,TP2,trend-up,3
2025-11-03 06:30:00+05:30,2025-11,SELL,0.607,109693.0,993.7797778398001,TP2,trend-down,6
2025-11-03 20:15:00+05:30,2025-11,BUY,0.555,108028.0,-569.5690472813931,SL,accumulation,20
2025-11-04 12:00:00+05:30,2025-11,SELL,0.66,104499.0,259.52395324043835,BE/TRAIL,trend-down,12
2025-11-04 17:30:00+05:30,2025-11,BUY,0.55,104309.0,-550.1995532355254,SL,trend-down,17
2025-11-04 19:00:00+05:30,2025-11,BUY,0.493,104149.0,-545.699958027573,SL,trend-down,19
2025-11-06 00:15:00+05:30,2025-11,SELL,0.667,104303.5,1059.218953894913,TP2,trend-up,0
2025-11-06 09:00:00+05:30,2025-11,BUY,0.56,103615.0,-582.3352640133883,SL,accumulation,9
2025-11-06 13:45:00+05:30,2025-11,BUY,0.571,103311.0,-598.2537712476396,SL,accumulation,13
2025-11-07 02:30:00+05:30,2025-11,BUY,0.889,100579.0,1106.8643089650916,TP2,trend-down,2
2025-11-07 15:45:00+05:30,2025-11,BUY,0.552,100627.0,-594.3064435549629,SL,trend-down,15
2025-11-07 16:45:00+05:30,2025-11,BUY,0.581,99894.0,261.6107520072722,BE/TRAIL,trend-down,16
2025-11-08 02:00:00+05:30,2025-11,SELL,0.696,103794.5,1085.459835927955,TP2,trend-up,2
2025-11-08 17:15:00+05:30,2025-11,BUY,0.605,101815.5,-622.9880047795109,SL,trend-down,17
2025-11-08 20:45:00+05:30,2025-11,BUY,0.592,101565.5,489.774722544,TIMEOUT,trend-down,20
2025-11-09 03:30:00+05:30,2025-11,SELL,0.834,102326.5,521.3346205842206,BE/TRAIL,accumulation,3
2025-11-09 11:15:00+05:30,2025-11,BUY,0.599,101890.5,-632.279487090747,SL,trend-down,11
2025-11-09 15:30:00+05:30,2025-11,SELL,0.555,101585.5,-665.7459836430002,SL,accumulation,15
2025-11-10 00:30:00+05:30,2025-11,BUY,0.679,104211.0,288.4121641985641,BE/TRAIL,trend-up,0
2025-11-10 03:30:00+05:30,2025-11,BUY,0.582,104443.0,394.5144606099733,BE/TRAIL,trend-up,3
2025-11-10 09:15:00+05:30,2025-11,SELL,0.574,106006.5,-581.3566523798595,SL,trend-up,9
2025-11-11 23:00:00+05:30,2025-11,BUY,0.583,102958.0,93.285301428,TIMEOUT,trend-down,23
2025-11-12 03:00:00+05:30,2025-11,BUY,0.958,102529.0,1057.1403391943488,TP2,trend-down,3
2025-11-12 23:30:00+05:30,2025-11,SELL,0.655,101626.5,71.03911572000001,TIMEOUT,trend-down,23
2025-11-13 05:00:00+05:30,2025-11,SELL,0.601,101516.0,-562.1839810666623,SL,trend-down,5
2025-11-13 19:00:00+05:30,2025-11,SELL,0.562,102506.0,268.41272886396854,BE/TRAIL,distribution,19
2025-11-13 21:00:00+05:30,2025-11,SELL,0.753,101558.5,1038.8909113406492,TP2,trend-down,21
2025-11-14 00:45:00+05:30,2025-11,SELL,0.603,99121.0,257.3616031896281,BE/TRAIL,trend-down,0
2025-11-14 04:30:00+05:30,2025-11,SELL,0.895,100059.5,990.1865621846939,TP2,trend-down,4
2025-11-14 17:00:00+05:30,2025-11,BUY,0.642,96172.0,-549.3644407027795,SL,trend-down,17
2025-11-15 11:45:00+05:30,2025-11,SELL,0.645,96381.0,293.08402367361447,BE/TRAIL,trend-up,11
2025-11-15 21:15:00+05:30,2025-11,SELL,0.679,96232.5,240.8323159157943,BE/TRAIL,accumulation,21
2025-11-16 00:00:00+05:30,2025-11,SELL,0.787,96094.5,1038.631237319644,TP2,accumulation,0
2025-11-16 06:45:00+05:30,2025-11,BUY,0.66,95417.5,-602.7637751800294,SL,trend-down,6
2025-11-16 07:30:00+05:30,2025-11,BUY,0.618,95260.5,1036.6347322839806,TP2,trend-down,7
2025-11-17 02:45:00+05:30,2025-11,BUY,0.8,93658.0,-536.0343369650781,SL,trend-down,2
2025-11-17 03:45:00+05:30,2025-11,BUY,0.837,93645.0,302.1270890445874,BE/TRAIL,trend-down,3
2025-11-17 04:45:00+05:30,2025-11,BUY,0.685,94221.0,496.49123188834636,BE/TRAIL,trend-down,4
2025-11-18 00:00:00+05:30,2025-11,SELL,0.869,92661.5,1058.2552162247123,TP2,accumulation,0
2025-11-18 08:45:00+05:30,2025-11,BUY,0.601,90005.0,-506.51515130437605,SL,trend-down,8
2025-11-18 11:00:00+05:30,2025-11,BUY,0.56,89981.0,-513.290751357412,SL,trend-down,11
2025-11-19 01:30:00+05:30,2025-11,SELL,0.734,93045.0,1014.3772692658254,TP2,trend-up,1
2025-11-19 14:00:00+05:30,2025-11,SELL,0.606,91578.0,-586.1033209853906,SL,trend-down,14
2025-11-19 21:30:00+05:30,2025-11,BUY,0.604,90098.5,-560.5788898754236,SL,accumulation,21
2025-11-20 00:00:00+05:30,2025-11,BUY,0.704,88881.5,1104.302399718379,TP2,trend-down,0
2025-11-20 03:00:00+05:30,2025-11,BUY,0.913,90465.0,988.3223523616584,TP2,trend-down,3
2025-11-20 10:00:00+05:30,2025-11,BUY,0.6,92287.5,311.07548639506985,BE/TRAIL,trend-up,10
2025-11-21 03:00:00+05:30,2025-11,SELL,0.879,87561.0,1053.0401170924492,TP2,trend-down,3
2025-11-21 15:00:00+05:30,2025-11,BUY,0.7,82628.5,-524.7218987737958,SL,trend-down,15
2025-11-21 16:00:00+05:30,2025-11,BUY,0.667,82525.0,-470.700651282014,SL,trend-down,16
2025-11-22 11:45:00+05:30,2025-11,BUY,0.704,84474.5,-576.6112900389459,SL,accumulation,11
2025-11-22 14:15:00+05:30,2025-11,BUY,0.682,83987.0,-566.5546524255577,SL,accumulation,14
2025-11-23 00:00:00+05:30,2025-11,BUY,0.928,84529.0,-608.6610363946637,SL,accumulation,0
2025-11-23 02:45:00+05:30,2025-11,BUY,0.728,84279.5,1041.241704275871,TP2,accumulation,2
2025-11-23 04:30:00+05:30,2025-11,BUY,0.61,85014.5,-587.9245866330017,SL,accumulation,4
2025-11-24 02:15:00+05:30,2025-11,BUY,0.638,87443.5,266.74198715664977,BE/TRAIL,trend-up,2
2025-11-24 13:15:00+05:30,2025-11,BUY,0.654,87014.0,-535.963365311751,SL,accumulation,13
2025-11-24 19:00:00+05:30,2025-11,BUY,0.581,86501.0,-587.0375857877837,SL,accumulation,19
2025-11-25 03:30:00+05:30,2025-11,SELL,0.688,88999.5,1065.9030535646136,TP2,trend-up,3
2025-11-25 08:00:00+05:30,2025-11,BUY,0.581,87617.5,445.16976044577063,BE/TRAIL,trend-up,8
2025-11-25 14:15:00+05:30,2025-11,BUY,0.662,86988.0,-593.1394002505884,SL,accumulation,14
2025-11-26 00:45:00+05:30,2025-11,BUY,0.81,86260.5,1093.426329311184,TP2,trend-down,0
2025-11-26 10:30:00+05:30,2025-11,BUY,0.633,87389.5,263.06314950788476,BE/TRAIL,distribution,10
2025-11-26 17:15:00+05:30,2025-11,BUY,0.559,87058.0,-624.4421856242443,SL,trend-down,17
2025-11-27 00:00:00+05:30,2025-11,BUY,0.833,89695.0,1033.4447714268024,TP2,trend-up,0
2025-11-27 08:30:00+05:30,2025-11,SELL,0.585,91320.5,-574.3953041000572,SL,trend-up,8
2025-11-27 15:15:00+05:30,2025-11,SELL,0.649,91533.5,1046.5442526774839,TP2,trend-up,15
2025-11-28 00:00:00+05:30,2025-11,SELL,0.651,91726.0,1021.899216908658,TP2,trend-up,0
2025-11-29 01:45:00+05:30,2025-11,SELL,0.731,91118.5,303.6301913770772,BE/TRAIL,trend-down,1
2025-11-30 10:15:00+05:30,2025-11,BUY,0.597,90819.5,-715.3241535614791,SL,distribution,10
2025-11-30 11:00:00+05:30,2025-11,BUY,0.592,90722.0,993.7528495879135,TP2,distribution,11
2025-12-01 00:00:00+05:30,2025-12,SELL,0.778,91357.0,285.71592046578763,BE/TRAIL,trend-up,0
2025-12-01 04:00:00+05:30,2025-12,SELL,0.881,91050.0,1017.0089242569868,TP2,trend-down,4
2025-12-01 11:30:00+05:30,2025-12,SELL,0.809,86243.5,-569.2319051531822,SL,trend-down,11
2025-12-02 00:00:00+05:30,2025-12,BUY,0.928,84765.5,992.1975055589016,TP2,trend-down,0
2025-12-02 23:45:00+05:30,2025-12,SELL,0.728,91875.0,300.75692852067596,BE/TRAIL,trend-up,23
2025-12-03 04:30:00+05:30,2025-12,SELL,0.615,91815.5,301.164233341303,BE/TRAIL,trend-up,4
2025-12-03 09:00:00+05:30,2025-12,SELL,0.532,92693.5,-555.143877093134,SL,trend-up,9
2025-12-03 10:00:00+05:30,2025-12,SELL,0.53,92915.0,-551.2722017718764,SL,trend-up,10
2025-12-04 00:15:00+05:30,2025-12,BUY,0.845,92593.5,465.2427441762708,BE/TRAIL,distribution,0
2025-12-04 06:30:00+05:30,2025-12,BUY,0.606,93668.0,-539.9144151177633,SL,trend-up,6
2025-12-04 20:45:00+05:30,2025-12,BUY,0.639,92541.0,287.224951490366,BE/TRAIL,trend-down,20
2025-12-05 00:30:00+05:30,2025-12,BUY,0.819,91252.0,492.43466963045864,BE/TRAIL,trend-down,0
2025-12-06 07:30:00+05:30,2025-12,SELL,0.628,89261.5,-609.5132084936557,SL,accumulation,7
2025-12-06 13:30:00+05:30,2025-12,BUY,0.583,89510.0,-693.5866078145195,SL,distribution,13
2025-12-07 04:30:00+05:30,2025-12,BUY,0.783,89137.0,-677.8884105111821,SL,trend-down,4
2025-12-07 05:00:00+05:30,2025-12,BUY,0.742,89061.0,1006.5848243423934,TP2,trend-down,5
2025-12-07 11:45:00+05:30,2025-12,SELL,0.609,89625.0,991.9939294712093,TP2,distribution,11
2025-12-08 03:30:00+05:30,2025-12,BUY,0.808,89337.0,280.45495937873517,BE/TRAIL,trend-up,3
2025-12-08 04:30:00+05:30,2025-12,BUY,0.794,89694.0,1062.4646344451896,TP2,trend-up,4
2025-12-08 21:45:00+05:30,2025-12,SELL,0.573,90259.5,-177.15849759,TIMEOUT,trend-down,21
2025-12-09 02:45:00+05:30,2025-12,SELL,0.818,91000.5,1066.2898726637902,TP2,trend-down,2
2025-12-09 20:15:00+05:30,2025-12,BUY,0.618,90336.0,487.9465837133144,BE/TRAIL,accumulation,20
2025-12-09 22:45:00+05:30,2025-12,SELL,0.672,93726.5,-167.16919160700002,TIMEOUT,trend-up,22
2025-12-10 00:15:00+05:30,2025-12,SELL,0.744,93897.0,998.3355744506362,TP2,trend-up,0
2025-12-10 04:00:00+05:30,2025-12,SELL,0.875,92896.0,300.56769118453235,BE/TRAIL,trend-up,4
2025-12-11 00:00:00+05:30,2025-12,SELL,0.827,92541.0,-566.8096437764004,SL,distribution,0
2025-12-11 00:45:00+05:30,2025-12,SELL,0.848,92437.0,-562.5239444232109,SL,distribution,0
2025-12-12 00:00:00+05:30,2025-12,BUY,0.842,91117.5,-555.9696039702237,SL,trend-down,0
2025-12-12 00:30:00+05:30,2025-12,BUY,0.87,90766.5,985.2273521440384,TP2,trend-down,0
2025-12-12 02:45:00+05:30,2025-12,SELL,0.759,93262.5,528.1933241161365,BE/TRAIL,trend-up,2
2025-12-13 10:45:00+05:30,2025-12,BUY,0.613,90321.5,243.3518905544969,BE/TRAIL,accumulation,10
2025-12-13 18:15:00+05:30,2025-12,BUY,0.536,90319.5,-796.2132345504926,SL,accumulation,18
2025-12-13 21:30:00+05:30,2025-12,SELL,0.696,90158.5,-97.461911646,TIMEOUT,trend-down,21
2025-12-14 01:30:00+05:30,2025-12,BUY,0.554,90133.5,-809.1539525946903,SL,accumulation,1
2025-12-14 02:30:00+05:30,2025-12,BUY,0.827,89975.0,-803.8726487317965,SL,accumulation,2
2025-12-15 04:30:00+05:30,2025-12,BUY,0.817,88027.0,-597.8195415301029,SL,trend-down,4
2025-12-15 11:45:00+05:30,2025-12,BUY,0.57,89534.0,-599.7023134868156,SL,trend-up,11
2025-12-16 04:30:00+05:30,2025-12,SELL,0.625,86409.0,509.9602065273152,BE/TRAIL,trend-down,4
2025-12-16 16:00:00+05:30,2025-12,SELL,0.617,87108.5,-604.8586297696661,SL,accumulation,16
2025-12-16 19:30:00+05:30,2025-12,SELL,0.588,86839.0,-570.7727658291038,SL,trend-up,19
2025-12-17 07:00:00+05:30,2025-12,SELL,0.61,87543.5,1050.4906070710524,TP2,accumulation,7
2025-12-18 00:15:00+05:30,2025-12,BUY,0.801,85802.0,1051.4395144780317,TP2,trend-down,0
2025-12-19 01:00:00+05:30,2025-12,BUY,0.684,84658.0,1118.0706761895067,TP2,trend-down,1
2025-12-19 11:45:00+05:30,2025-12,BUY,0.619,86998.0,1006.5904446581789,TP2,trend-up,11
2025-12-20 16:15:00+05:30,2025-12,BUY,0.542,88143.0,-784.6280767177925,SL,accumulation,16
2025-12-21 01:45:00+05:30,2025-12,BUY,0.603,88239.0,101.01328437427938,BE/TRAIL,distribution,1
2025-12-21 03:30:00+05:30,2025-12,BUY,0.572,88148.5,256.3717011827831,BE/TRAIL,trend-up,3
2025-12-21 09:45:00+05:30,2025-12,BUY,0.562,88094.0,929.4707437592541,BE/TRAIL,trend-down,9
2025-12-23 00:00:00+05:30,2025-12,SELL,0.885,89381.0,1034.9137234487464,TP2,distribution,0
2025-12-23 03:45:00+05:30,2025-12,SELL,0.62,88404.5,-599.7739508978495,SL,trend-down,3
2025-12-24 00:00:00+05:30,2025-12,SELL,0.802,88098.0,1100.2664319956382,TP2,distribution,0
2025-12-25 00:00:00+05:30,2025-12,BUY,0.849,87433.5,304.41009695146516,BE/TRAIL,accumulation,0
2025-12-25 14:15:00+05:30,2025-12,SELL,0.615,87555.5,270.87384118144666,BE/TRAIL,accumulation,14
2025-12-25 21:00:00+05:30,2025-12,SELL,0.579,88484.0,540.6119114477225,TIMEOUT,accumulation,21
2025-12-27 11:15:00+05:30,2025-12,BUY,0.55,87474.5,-904.262086166661,SL,accumulation,11
2025-12-27 14:30:00+05:30,2025-12,SELL,0.546,87613.0,366.70072909692067,BE/TRAIL,trend-down,14
2025-12-27 20:45:00+05:30,2025-12,SELL,0.588,87502.0,-279.218020458,TIMEOUT,trend-down,20
2025-12-28 00:15:00+05:30,2025-12,BUY,0.776,87461.0,841.6234113944151,TP2,accumulation,0
2025-12-28 04:00:00+05:30,2025-12,BUY,0.769,87545.0,934.2887356942495,TP2,trend-up,4
2025-12-28 08:45:00+05:30,2025-12,BUY,0.621,87717.0,-815.173830672226,SL,trend-up,8
2025-12-29 00:00:00+05:30,2025-12,BUY,0.85,87689.5,-801.3681713772678,SL,trend-up,0
2025-12-29 00:30:00+05:30,2025-12,BUY,0.789,87651.5,-768.5268596589492,SL,trend-down,0
2025-12-30 13:45:00+05:30,2025-12,SELL,0.677,87798.0,-639.97785668428,SL,trend-up,13
2025-12-30 16:15:00+05:30,2025-12,SELL,0.619,87922.5,-638.303305219522,SL,trend-up,16
2025-12-31 00:30:00+05:30,2025-12,BUY,0.827,88035.5,1045.2860255645187,TP2,trend-up,0
2026-01-01 01:15:00+05:30,2026-01,BUY,0.743,87523.5,-630.742344346791,SL,trend-down,1
2026-01-02 00:00:00+05:30,2026-01,BUY,0.816,88153.5,985.6022658739862,TP2,trend-up,0
2026-01-02 20:15:00+05:30,2026-01,BUY,0.633,89545.5,-557.2319889068881,SL,trend-up,20
2026-01-04 00:00:00+05:30,2026-01,BUY,0.704,90113.0,969.7320470878767,TP2,distribution,0
2026-01-04 03:15:00+05:30,2026-01,BUY,0.759,90539.0,1634.5847164561033,BE/TRAIL,trend-up,3
2026-01-04 20:45:00+05:30,2026-01,SELL,0.547,91211.0,-704.5854638779933,SL,distribution,20
2026-01-05 00:00:00+05:30,2026-01,BUY,0.664,91199.0,-709.7673351656578,SL,distribution,0
2026-01-05 00:45:00+05:30,2026-01,BUY,0.782,91093.0,995.753153104179,TP2,distribution,0
2026-01-05 09:15:00+05:30,2026-01,BUY,0.68,92844.0,-603.0794848465815,SL,trend-up,9
2026-01-06 00:15:00+05:30,2026-01,SELL,0.75,94409.0,1058.4890922888883,TP2,trend-up,0
2026-01-06 15:30:00+05:30,2026-01,SELL,0.564,93560.5,-667.9424207523628,SL,distribution,15
2026-01-06 21:00:00+05:30,2026-01,SELL,0.537,93446.5,1022.5540670326317,TP2,distribution,21
2026-01-07 00:30:00+05:30,2026-01,BUY,0.669,92198.0,1052.5016243467105,TP2,trend-down,0
2026-01-07 14:30:00+05:30,2026-01,SELL,0.67,92246.0,511.6011196844988,BE/TRAIL,distribution,14
2026-01-08 12:15:00+05:30,2026-01,BUY,0.638,89852.5,529.2225560162952,BE/TRAIL,distribution,12
2026-01-08 16:15:00+05:30,2026-01,SELL,0.646,90379.0,1052.8361306471274,TP2,trend-down,16
2026-01-09 01:30:00+05:30,2026-01,BUY,0.759,90653.0,429.03869514856535,BE/TRAIL,trend-up,1
2026-01-10 11:30:00+05:30,2026-01,BUY,0.623,90545.0,197.38458982585976,BE/TRAIL,accumulation,11
2026-01-10 20:00:00+05:30,2026-01,BUY,0.703,90525.5,132.63392465781422,BE/TRAIL,accumulation,20
2026-01-11 00:15:00+05:30,2026-01,BUY,0.566,90565.0,-1000.8705161795949,SL,accumulation,0
2026-01-12 02:30:00+05:30,2026-01,BUY,0.7,90626.0,-718.9533549393876,SL,trend-down,2
2026-01-12 03:45:00+05:30,2026-01,BUY,0.891,90645.0,-690.6181404097779,SL,trend-down,3
2026-01-13 03:15:00+05:30,2026-01,BUY,0.832,91014.5,1032.9553731562314,TP2,accumulation,3
2026-01-14 00:00:00+05:30,2026-01,BUY,0.894,93581.0,1031.0888081838245,TP2,trend-up,0
2026-01-14 20:15:00+05:30,2026-01,BUY,0.66,96459.0,263.1748546522566,BE/TRAIL,trend-up,20
2026-01-14 21:15:00+05:30,2026-01,BUY,0.683,96702.0,397.39777460743187,BE/TRAIL,trend-up,21
2026-01-15 02:15:00+05:30,2026-01,SELL,0.635,97611.5,1069.5431449191974,TP2,trend-up,2
2026-01-16 00:00:00+05:30,2026-01,SELL,0.801,96005.0,1110.5999420787368,TP2,distribution,0
2026-01-17 14:45:00+05:30,2026-01,BUY,0.527,95201.5,-872.617974606219,SL,distribution,14
2026-01-17 16:30:00+05:30,2026-01,BUY,0.529,95101.5,313.45624528089263,BE/TRAIL,distribution,16
2026-01-17 19:15:00+05:30,2026-01,SELL,0.573,95410.0,-899.6089770805208,SL,distribution,19
2026-01-18 00:00:00+05:30,2026-01,SELL,0.834,95415.5,924.9191136477607,TP2,distribution,0
2026-01-18 04:15:00+05:30,2026-01,BUY,0.665,95130.0,-913.345599470312,SL,trend-down,4
2026-01-18 06:30:00+05:30,2026-01,BUY,0.688,94910.5,917.205724035496,TP2,trend-down,6
2026-01-19 00:15:00+05:30,2026-01,SELL,0.762,95406.5,961.1342153300105,TP2,distribution,0
2026-01-19 05:00:00+05:30,2026-01,SELL,0.803,94439.0,1014.6636129260162,TP2,trend-down,5
2026-01-19 06:15:00+05:30,2026-01,SELL,0.624,92667.0,-567.9030426393941,SL,trend-down,6
2026-01-20 00:00:00+05:30,2026-01,SELL,0.912,93084.0,-672.0434852736778,SL,accumulation,0
2026-01-20 02:45:00+05:30,2026-01,SELL,0.875,93018.5,209.9355481387146,BE/TRAIL,accumulation,2
2026-01-20 16:30:00+05:30,2026-01,SELL,0.66,91325.0,366.77457002361825,BE/TRAIL,trend-down,16
2026-01-21 04:00:00+05:30,2026-01,BUY,0.588,88560.0,-559.2065855002256,SL,trend-down,4
2026-01-21 04:45:00+05:30,2026-01,BUY,0.946,88084.5,1065.4330095241266,TP2,trend-down,4
2026-01-21 13:00:00+05:30,2026-01,BUY,0.565,89189.5,-600.1876481876062,SL,trend-down,13
2026-01-22 00:15:00+05:30,2026-01,BUY,0.757,88449.5,1094.7105438819726,TP2,trend-down,0
2026-01-22 11:30:00+05:30,2026-01,SELL,0.636,90000.5,-625.9115649911686,SL,accumulation,11
2026-01-22 19:15:00+05:30,2026-01,SELL,0.665,89578.5,1033.961461217723,TP2,accumulation,19
2026-01-23 00:15:00+05:30,2026-01,BUY,0.829,89301.0,254.44036906630745,BE/TRAIL,trend-down,0
2026-01-23 04:00:00+05:30,2026-01,BUY,0.928,89238.5,410.92361862989173,BE/TRAIL,accumulation,4
2026-01-23 13:45:00+05:30,2026-01,BUY,0.635,89298.5,-655.0809729229541,SL,trend-down,13
2026-01-24 14:15:00+05:30,2026-01,BUY,0.665,89644.5,-868.1966227488091,SL,accumulation,14
2026-01-24 17:45:00+05:30,2026-01,BUY,0.636,89535.5,-1055.6277767037234,SL,accumulation,17
2026-01-25 00:30:00+05:30,2026-01,BUY,0.737,89278.5,66.69892385176215,BE/TRAIL,trend-down,0
2026-01-25 04:15:00+05:30,2026-01,SELL,0.591,89394.0,889.9466123693051,TP2,trend-down,4
2026-01-25 07:15:00+05:30,2026-01,BUY,0.653,89148.0,-867.6685420017895,SL,trend-down,7
2026-01-26 03:45:00+05:30,2026-01,BUY,0.684,86296.0,1028.168039430195,TP2,trend-down,3
2026-01-26 10:45:00+05:30,2026-01,BUY,0.611,87822.5,284.7410142797503,BE/TRAIL,trend-up,10
2026-01-26 19:30:00+05:30,2026-01,SELL,0.608,87660.0,-663.1797415308538,SL,accumulation,19
2026-01-27 00:00:00+05:30,2026-01,BUY,0.777,87981.0,383.1190423178871,BE/TRAIL,accumulation,0
2026-01-27 14:45:00+05:30,2026-01,BUY,0.642,87958.0,-699.2511334661975,SL,accumulation,14
2026-01-27 16:30:00+05:30,2026-01,BUY,0.616,87858.5,208.7397034765937,BE/TRAIL,trend-down,16
2026-01-28 00:00:00+05:30,2026-01,BUY,0.838,87805.0,1037.0497027093413,TP2,accumulation,0
2026-01-28 04:45:00+05:30,2026-01,SELL,0.831,89475.5,301.67104770642635,BE/TRAIL,trend-up,4
2026-01-28 15:30:00+05:30,2026-01,SELL,0.591,89553.0,-628.5420598097808,SL,accumulation,15
2026-01-29 00:00:00+05:30,2026-01,SELL,0.717,89609.0,1009.5880564099363,TP2,accumulation,0
2026-01-30 04:00:00+05:30,2026-01,SELL,0.626,84422.5,1042.4868676110573,TP2,trend-down,4
2026-01-30 07:15:00+05:30,2026-01,SELL,0.616,82453.5,364.9143402126295,BE/TRAIL,trend-down,7
2026-01-30 08:45:00+05:30,2026-01,SELL,0.62,82332.5,-546.5658699725578,SL,trend-down,8
2026-02-01 11:00:00+05:30,2026-02,BUY,0.554,78552.5,-542.0549733245841,SL,accumulation,11
2026-02-01 12:45:00+05:30,2026-02,BUY,0.494,78188.0,504.8651865938752,BE/TRAIL,accumulation,12
2026-02-01 16:15:00+05:30,2026-02,BUY,0.553,78248.0,296.7250500405414,BE/TRAIL,accumulation,16
2026-02-02 01:15:00+05:30,2026-02,SELL,0.582,77149.5,-548.0969753405903,SL,accumulation,1
2026-02-02 02:15:00+05:30,2026-02,SELL,0.543,77082.0,-508.43704577246547,SL,accumulation,2
2026-02-03 13:15:00+05:30,2026-02,BUY,0.617,78757.0,-576.0538636003805,SL,accumulation,13
2026-02-03 16:45:00+05:30,2026-02,BUY,0.579,78019.5,-579.7450558610262,SL,accumulation,16
2026-02-04 00:00:00+05:30,2026-02,BUY,0.684,73698.0,-519.9704375727927,SL,trend-down,0
2026-02-04 00:45:00+05:30,2026-02,BUY,0.669,74905.5,426.4122082783237,BE/TRAIL,trend-down,0
2026-02-04 19:00:00+05:30,2026-02,BUY,0.686,75340.0,-579.4535663104024,SL,trend-down,19
2026-02-05 00:00:00+05:30,2026-02,SELL,0.671,73970.5,448.3727583587054,BE/TRAIL,trend-down,0
2026-02-05 04:45:00+05:30,2026-02,SELL,0.79,73360.5,1148.712824524373,TP2,trend-down,4
2026-02-05 10:30:00+05:30,2026-02,BUY,0.644,70821.5,254.8121155457156,BE/TRAIL,trend-down,10
2026-02-06 00:15:00+05:30,2026-02,BUY,0.564,66319.0,-497.9345553343389,SL,trend-down,0
2026-02-06 01:30:00+05:30,2026-02,BUY,0.665,65027.5,-463.3563051330985,SL,trend-down,1
2026-02-06 02:00:00+05:30,2026-02,BUY,0.75,63653.5,-501.21934130394794,SL,trend-down,2
2026-02-08 00:45:00+05:30,2026-02,BUY,0.643,69398.0,-552.4825961333821,SL,accumulation,0
2026-02-08 06:00:00+05:30,2026-02,BUY,0.649,68935.5,366.6734604436009,BE/TRAIL,accumulation,6
2026-02-08 10:15:00+05:30,2026-02,BUY,0.574,69310.5,1034.5408650827094,TP2,accumulation,10
2026-02-09 02:15:00+05:30,2026-02,BUY,0.534,70808.5,827.7263890452523,BE/TRAIL,trend-up,2
2026-02-09 05:00:00+05:30,2026-02,SELL,0.642,70433.5,-552.9683074924503,SL,trend-up,5
2026-02-09 08:15:00+05:30,2026-02,BUY,0.549,70601.0,303.74743498905,BE/TRAIL,accumulation,8
2026-02-10 00:45:00+05:30,2026-02,SELL,0.765,70638.5,330.6281340191144,BE/TRAIL,trend-up,0
2026-02-10 18:00:00+05:30,2026-02,BUY,0.52,68532.5,1049.8880638592786,TP2,trend-down,18
2026-02-11 16:15:00+05:30,2026-02,BUY,0.729,66512.5,478.2735178999135,BE/TRAIL,trend-down,16
2026-02-11 22:45:00+05:30,2026-02,BUY,0.637,66633.0,220.799991432,TIMEOUT,trend-down,22
2026-02-12 02:45:00+05:30,2026-02,SELL,0.709,68163.0,487.705535750232,BE/TRAIL,accumulation,2
2026-02-12 14:30:00+05:30,2026-02,BUY,0.624,67149.0,1085.5042055893782,TP2,accumulation,14
2026-02-13 00:00:00+05:30,2026-02,BUY,0.826,65411.0,1072.7163288703996,TP2,trend-down,0
2026-02-13 19:00:00+05:30,2026-02,BUY,0.583,67300.0,-586.0575079362999,SL,trend-up,19
2026-02-14 09:45:00+05:30,2026-02,SELL,0.559,68887.0,-670.4374878997914,SL,accumulation,9
2026-02-14 13:15:00+05:30,2026-02,SELL,0.632,69188.5,-691.6421705007513,SL,accumulation,13
2026-02-15 20:30:00+05:30,2026-02,BUY,0.583,69180.5,-579.5252626354171,SL,trend-down,20
2026-02-15 23:00:00+05:30,2026-02,BUY,0.613,68806.0,-593.1848768273805,SL,trend-down,23
2026-02-16 07:45:00+05:30,2026-02,SELL,0.529,68331.0,-567.5975386432885,SL,trend-down,7
2026-02-16 09:45:00+05:30,2026-02,BUY,0.597,68748.5,-585.6976139958165,SL,trend-down,9
2026-02-17 00:15:00+05:30,2026-02,BUY,0.869,67839.0,1070.775470103805,TP2,distribution,0
2026-02-17 06:00:00+05:30,2026-02,BUY,0.587,68837.5,-603.4932085161145,SL,trend-up,6
2026-02-17 15:45:00+05:30,2026-02,BUY,0.616,67881.0,269.7157679996007,BE/TRAIL,trend-down,15
2026-02-19 00:45:00+05:30,2026-02,BUY,0.838,66245.0,-565.2845514985252,SL,trend-down,0
2026-02-19 01:15:00+05:30,2026-02,BUY,0.84,66141.5,521.8305344550834,BE/TRAIL,trend-down,1
2026-02-19 17:30:00+05:30,2026-02,BUY,0.653,66546.0,-607.5336867672526,SL,trend-down,17
2026-02-20 00:30:00+05:30,2026-02,BUY,0.759,66885.5,1078.0790733775725,TP2,trend-down,0
2026-02-20 15:00:00+05:30,2026-02,BUY,0.566,68103.0,-634.7051000221409,SL,trend-up,15
2026-02-21 11:15:00+05:30,2026-02,BUY,0.533,67834.5,484.25755869892447,BE/TRAIL,accumulation,11
2026-02-22 00:00:00+05:30,2026-02,SELL,0.852,68528.5,1021.232461745313,TP2,trend-up,0
2026-02-22 13:30:00+05:30,2026-02,BUY,0.571,67952.0,308.60898892454753,BE/TRAIL,accumulation,13
2026-02-23 01:30:00+05:30,2026-02,SELL,0.594,67366.5,-674.9857924567754,SL,trend-down,1
2026-02-23 07:00:00+05:30,2026-02,SELL,0.659,65089.5,397.23710691627275,BE/TRAIL,trend-down,7
2026-02-23 12:15:00+05:30,2026-02,SELL,0.644,65724.0,-568.2573650388599,SL,trend-down,12
2026-02-24 04:45:00+05:30,2026-02,SELL,0.619,64808.5,1083.6884068943905,TP2,trend-down,4
2026-02-26 00:00:00+05:30,2026-02,SELL,0.71,69448.5,273.3139760418253,BE/TRAIL,trend-up,0
2026-02-26 03:15:00+05:30,2026-02,SELL,0.705,68880.5,486.0364842839748,BE/TRAIL,trend-up,3
2026-02-26 11:30:00+05:30,2026-02,BUY,0.644,68432.0,-574.2218997540564,SL,distribution,11
2026-02-28 19:15:00+05:30,2026-02,SELL,0.669,65075.5,413.0136359504971,BE/TRAIL,trend-down,19
2026-03-02 01:30:00+05:30,2026-03,BUY,0.712,65426.5,527.2176079496642,BE/TRAIL,trend-down,1
2026-03-02 04:00:00+05:30,2026-03,BUY,0.892,65377.0,1034.685893728298,TP2,trend-down,4
2026-03-02 16:45:00+05:30,2026-03,BUY,0.568,66053.0,-580.8714381311547,SL,distribution,16
2026-03-03 02:30:00+05:30,2026-03,SELL,0.704,69241.5,1121.9203535606575,TP2,trend-up,2
2026-03-03 19:15:00+05:30,2026-03,SELL,0.585,66900.0,-547.2641956238477,SL,trend-down,19
2026-03-04 11:00:00+05:30,2026-03,BUY,0.701,68180.0,1065.8220764497325,TP2,distribution,11
2026-03-04 15:15:00+05:30,2026-03,BUY,0.508,71494.0,-496.54549549638267,SL,trend-up,15
2026-03-04 19:00:00+05:30,2026-03,BUY,0.629,71418.0,497.5451137154774,BE/TRAIL,trend-up,19
2026-03-05 00:00:00+05:30,2026-03,SELL,0.55,73479.5,559.283237020024,BE/TRAIL,trend-up,0
2026-03-06 02:45:00+05:30,2026-03,SELL,0.852,71486.5,556.3324838027986,BE/TRAIL,trend-down,2
2026-03-06 15:15:00+05:30,2026-03,BUY,0.606,70528.0,-593.843391928559,SL,trend-down,15
2026-03-06 18:00:00+05:30,2026-03,BUY,0.664,69727.5,319.81828390092426,BE/TRAIL,trend-down,18
2026-03-07 08:15:00+05:30,2026-03,SELL,0.626,68326.5,1031.4537713658954,TP2,trend-down,8
2026-03-07 22:30:00+05:30,2026-03,SELL,0.55,67808.5,487.02659748749005,TIMEOUT,trend-down,22
2026-03-08 00:15:00+05:30,2026-03,SELL,0.902,67537.0,1024.0110342001904,TP2,trend-down,0
2026-03-08 01:30:00+05:30,2026-03,SELL,0.709,67206.5,-618.7912060855041,SL,trend-down,1
2026-03-08 02:45:00+05:30,2026-03,SELL,0.783,67428.0,257.71347887571926,BE/TRAIL,trend-down,2
2026-03-10 00:15:00+05:30,2026-03,BUY,0.888,68333.5,572.6040024904249,BE/TRAIL,trend-up,0
2026-03-10 19:30:00+05:30,2026-03,SELL,0.612,69455.5,-544.8320728923904,SL,trend-up,19
2026-03-11 17:00:00+05:30,2026-03,BUY,0.532,69417.0,-608.769625640515,SL,accumulation,17
2026-03-12 00:00:00+05:30,2026-03,SELL,0.717,70477.5,482.87405879164197,BE/TRAIL,trend-up,0
2026-03-13 00:00:00+05:30,2026-03,BUY,0.767,69891.0,1056.3327131120693,TP2,distribution,0
2026-03-14 01:30:00+05:30,2026-03,SELL,0.707,71320.5,339.1712018320105,BE/TRAIL,trend-down,1
2026-03-15 00:00:00+05:30,2026-03,BUY,0.678,70622.5,987.3028590151135,TP2,trend-down,0
2026-03-16 00:00:00+05:30,2026-03,BUY,0.58,71655.0,-628.4078216143531,SL,trend-up,0
2026-03-16 00:30:00+05:30,2026-03,BUY,0.663,71456.5,1040.7084917212028,TP2,trend-up,0
2026-03-16 03:15:00+05:30,2026-03,BUY,0.86,72081.5,-621.7962952276646,SL,trend-up,3
2026-03-18 00:15:00+05:30,2026-03,SELL,0.737,74645.0,1049.656996888264,TP2,trend-up,0
2026-03-18 07:30:00+05:30,2026-03,BUY,0.511,74248.0,-600.9112107626149,SL,trend-down,7
2026-03-19 06:45:00+05:30,2026-03,BUY,0.584,71048.0,318.3387439091268,BE/TRAIL,trend-down,6
2026-03-19 19:15:00+05:30,2026-03,SELL,0.541,69873.5,358.1789654929693,BE/TRAIL,trend-down,19
2026-03-19 21:15:00+05:30,2026-03,SELL,0.582,69380.0,-530.1060360846159,SL,trend-down,21
2026-03-20 00:00:00+05:30,2026-03,BUY,0.87,69690.5,392.4718371268643,BE/TRAIL,accumulation,0
2026-03-21 12:30:00+05:30,2026-03,BUY,0.603,70712.5,-700.1910984385638,SL,trend-up,12
2026-03-21 17:00:00+05:30,2026-03,SELL,0.591,70617.5,-748.7611197322503,SL,accumulation,17
2026-03-22 00:00:00+05:30,2026-03,SELL,0.885,70453.5,1028.5402203965568,TP2,trend-down,0
2026-03-22 18:45:00+05:30,2026-03,SELL,0.573,68770.5,553.060466037,TIMEOUT,trend-down,18
2026-03-23 10:00:00+05:30,2026-03,BUY,0.577,68232.5,365.7919854957255,BE/TRAIL,accumulation,10
2026-03-24 09:30:00+05:30,2026-03,BUY,0.569,70612.0,-581.3730066411064,SL,accumulation,9
2026-03-24 10:30:00+05:30,2026-03,SELL,0.566,70147.5,-590.414691954668,SL,accumulation,10
2026-03-25 00:00:00+05:30,2026-03,BUY,0.734,69501.0,1011.1100043916001,TP2,trend-down,0
2026-03-26 23:15:00+05:30,2026-03,BUY,0.597,68462.5,-570.4289405328503,SL,trend-down,23
2026-03-27 01:30:00+05:30,2026-03,SELL,0.9,69180.0,446.83952340771964,BE/TRAIL,trend-down,1
2026-03-27 13:45:00+05:30,2026-03,BUY,0.574,68208.0,-609.6105174992492,SL,accumulation,13
2026-03-27 18:30:00+05:30,2026-03,BUY,0.651,66506.5,-580.4129558415771,SL,trend-down,18
2026-03-28 18:45:00+05:30,2026-03,SELL,0.596,66438.5,-706.1817133327966,SL,accumulation,18
2026-03-29 08:00:00+05:30,2026-03,SELL,0.611,66681.0,-657.4961551378053,SL,trend-down,8
2026-03-29 16:30:00+05:30,2026-03,SELL,0.588,66753.0,-661.719311852812,SL,accumulation,16
2026-03-30 04:00:00+05:30,2026-03,BUY,0.823,65638.5,-598.901059934914,SL,accumulation,4
2026-03-30 20:00:00+05:30,2026-03,SELL,0.514,67103.0,-572.87104734137,SL,trend-up,20
2026-03-31 00:30:00+05:30,2026-03,BUY,0.807,66405.5,296.47899261844117,BE/TRAIL,trend-down,0
2026-04-02 19:15:00+05:30,2026-04,SELL,0.617,66234.5,-570.3931929142248,SL,trend-down,19
2026-04-03 11:30:00+05:30,2026-04,SELL,0.557,66643.0,-634.7168399859514,SL,distribution,11
2026-04-03 18:30:00+05:30,2026-04,SELL,0.553,66653.0,-619.5009698973505,SL,trend-up,18
2026-04-04 05:15:00+05:30,2026-04,SELL,0.651,66936.0,164.8139057851006,BE/TRAIL,distribution,5
2026-04-05 00:30:00+05:30,2026-04,SELL,0.723,67475.5,395.3734250780518,BE/TRAIL,trend-up,0
2026-04-05 03:30:00+05:30,2026-04,SELL,0.857,67360.0,973.6223830625772,TP2,trend-up,3
2026-04-05 09:45:00+05:30,2026-04,BUY,0.572,67165.0,-796.5448412329886,SL,trend-down,9
2026-04-06 00:00:00+05:30,2026-04,BUY,0.817,67401.0,244.1036401668802,BE/TRAIL,trend-up,0
2026-04-06 02:45:00+05:30,2026-04,BUY,0.861,67459.5,236.37747960314996,BE/TRAIL,trend-up,2
2026-04-06 04:00:00+05:30,2026-04,BUY,0.804,67944.5,1044.6958716049312,TP2,trend-up,4
2026-04-07 00:00:00+05:30,2026-04,SELL,0.708,69748.5,1051.1893690579766,TP2,trend-up,0
2026-04-08 00:00:00+05:30,2026-04,BUY,0.826,68497.0,1083.2064054695857,TP2,trend-down,0
2026-04-08 01:45:00+05:30,2026-04,BUY,0.781,69333.5,485.80465781107205,BE/TRAIL,trend-up,1
2026-04-08 03:00:00+05:30,2026-04,BUY,0.821,69887.0,1036.4153302558204,TP2,trend-up,3
2026-04-09 00:00:00+05:30,2026-04,SELL,0.719,71274.0,-573.1447795718755,SL,distribution,0
2026-04-09 03:00:00+05:30,2026-04,SELL,0.877,71512.0,1022.5349640744345,TP2,distribution,3
2026-04-09 17:45:00+05:30,2026-04,SELL,0.634,71244.5,1046.1424669537698,TP2,distribution,17
2026-04-10 02:00:00+05:30,2026-04,SELL,0.791,72388.5,-569.5061568796874,SL,distribution,2
2026-04-11 00:30:00+05:30,2026-04,SELL,0.719,73137.0,371.11750626095085,BE/TRAIL,trend-up,0
2026-04-12 00:00:00+05:30,2026-04,SELL,0.909,73429.5,-643.8825197607727,SL,trend-up,0
2026-04-12 00:45:00+05:30,2026-04,SELL,0.916,73592.5,1028.0593818671314,TP2,trend-up,0
2026-04-12 16:15:00+05:30,2026-04,BUY,0.577,71423.0,-699.1264140683427,SL,trend-down,16
2026-04-13 00:15:00+05:30,2026-04,BUY,0.501,70908.0,273.1771619269756,BE/TRAIL,trend-down,0
2026-04-13 02:00:00+05:30,2026-04,SELL,0.873,71291.5,870.5061536134656,BE/TRAIL,trend-down,2
2026-04-13 04:15:00+05:30,2026-04,SELL,0.657,70882.5,-602.3305182547763,SL,trend-down,4
2026-04-14 00:00:00+05:30,2026-04,BUY,0.787,72295.0,1061.106368185153,TP2,trend-up,0
2026-04-14 01:30:00+05:30,2026-04,BUY,0.643,73014.0,1045.5875266467333,TP2,trend-up,1
2026-04-14 07:30:00+05:30,2026-04,SELL,0.609,74462.5,-576.738422447284,SL,trend-up,7
2026-04-15 15:15:00+05:30,2026-04,SELL,0.605,73975.0,-641.792295970645,SL,distribution,15
2026-04-16 00:00:00+05:30,2026-04,BUY,0.877,74279.5,601.9268111295366,BE/TRAIL,distribution,0
2026-04-16 17:15:00+05:30,2026-04,SELL,0.561,74535.0,-650.2706850748231,SL,trend-down,17
2026-04-17 01:00:00+05:30,2026-04,SELL,0.703,75203.0,303.41657545845504,BE/TRAIL,distribution,1
2026-04-18 03:15:00+05:30,2026-04,SELL,0.654,77400.0,1045.7576512476576,TP2,distribution,3
2026-04-18 14:45:00+05:30,2026-04,BUY,0.614,76539.0,-649.7650531993015,SL,trend-down,14
2026-04-19 16:30:00+05:30,2026-04,SELL,0.612,75383.5,-662.2182354373792,SL,trend-down,16
2026-04-19 19:45:00+05:30,2026-04,SELL,0.591,75916.5,370.79933844326,BE/TRAIL,trend-up,19
2026-04-21 00:15:00+05:30,2026-04,SELL,0.819,76379.0,434.5645859928012,BE/TRAIL,trend-up,0
2026-04-21 18:00:00+05:30,2026-04,SELL,0.525,75783.5,-573.2068342011378,SL,trend-up,18
2026-04-22 00:00:00+05:30,2026-04,BUY,0.846,75490.0,-549.9875760220664,SL,distribution,0
2026-04-22 01:15:00+05:30,2026-04,BUY,0.744,74988.0,1096.018747071831,TP2,distribution,1
2026-04-22 14:00:00+05:30,2026-04,BUY,0.655,77897.5,1048.3752733422684,TP2,trend-up,14
2026-04-23 00:00:00+05:30,2026-04,SELL,0.81,78921.0,1059.309185453783,TP2,trend-up,0
2026-04-24 13:30:00+05:30,2026-04,SELL,0.595,77653.0,-628.5045481399525,SL,distribution,13
2026-04-25 02:15:00+05:30,2026-04,SELL,0.865,77688.0,348.61244612083266,BE/TRAIL,distribution,2
2026-04-25 10:45:00+05:30,2026-04,BUY,0.631,77447.5,949.9888320602573,TP2,distribution,10
2026-04-25 18:45:00+05:30,2026-04,BUY,0.597,77578.0,-839.8812208371255,SL,distribution,18
2026-04-26 00:00:00+05:30,2026-04,BUY,0.749,77270.5,391.42135972304345,BE/TRAIL,trend-down,0
2026-04-26 09:30:00+05:30,2026-04,BUY,0.602,77433.0,948.1192088799692,TP2,distribution,9
2026-04-27 01:30:00+05:30,2026-04,SELL,0.601,78142.5,-670.9707334154875,SL,trend-up,1
2026-04-27 02:15:00+05:30,2026-04,SELL,0.617,78155.0,-664.2374670693478,SL,trend-up,2
2026-04-28 20:30:00+05:30,2026-04,SELL,0.611,75950.0,-606.2103392748398,SL,trend-down,20
2026-04-29 00:00:00+05:30,2026-04,BUY,0.849,76134.0,1017.9113384155199,TP2,accumulation,0
2026-04-30 00:00:00+05:30,2026-04,BUY,0.68,75196.5,1072.9653719359983,TP2,trend-down,0
2026-05-01 03:15:00+05:30,2026-05,BUY,0.836,76202.5,1023.8224282168268,TP2,accumulation,3
2026-05-02 02:00:00+05:30,2026-05,BUY,0.669,77955.5,346.13223171448044,BE/TRAIL,trend-up,2
2026-05-02 10:45:00+05:30,2026-05,BUY,0.682,78068.0,202.01053623333945,BE/TRAIL,accumulation,10
2026-05-02 17:45:00+05:30,2026-05,BUY,0.586,78208.0,938.58626159647,TP2,distribution,17
2026-05-03 00:15:00+05:30,2026-05,BUY,0.573,78432.5,1438.5058759052415,BE/TRAIL,trend-up,0
2026-05-03 03:30:00+05:30,2026-05,SELL,0.828,78745.5,983.3904629162506,TP2,trend-up,3
2026-05-05 05:00:00+05:30,2026-05,BUY,0.828,79732.0,1050.8235151440879,TP2,distribution,5
2026-05-05 16:15:00+05:30,2026-05,SELL,0.578,80787.0,-688.9371851266866,SL,trend-up,16
2026-05-06 12:00:00+05:30,2026-05,BUY,0.558,81422.5,1032.7684256960233,TP2,distribution,12
2026-05-07 18:00:00+05:30,2026-05,SELL,0.585,81029.5,1019.9754390207104,TP2,trend-down,18
2026-05-08 00:15:00+05:30,2026-05,SELL,0.848,80161.5,336.93685204957126,BE/TRAIL,trend-down,0
2026-05-10 00:15:00+05:30,2026-05,SELL,0.741,80865.5,290.50719206693964,BE/TRAIL,trend-up,0
2026-05-10 11:15:00+05:30,2026-05,BUY,0.567,80662.5,192.7701694770593,BE/TRAIL,distribution,11
2026-05-11 04:30:00+05:30,2026-05,SELL,0.844,82358.5,1062.014169134401,TP2,trend-up,4
2026-05-12 00:30:00+05:30,2026-05,SELL,0.644,81879.0,1017.4740922293522,TP2,accumulation,0
2026-05-14 05:30:00+05:30,2026-05,SELL,0.613,79502.5,464.68674799222043,BE/TRAIL,trend-down,5
2026-05-14 17:30:00+05:30,2026-05,SELL,0.617,79329.5,-650.1804177521724,SL,trend-down,17
2026-05-16 00:00:00+05:30,2026-05,SELL,0.797,79260.0,1042.6827006014241,TP2,trend-down,0
2026-05-16 15:30:00+05:30,2026-05,BUY,0.645,77881.5,-638.3091804165026,SL,trend-down,15
2026-05-17 15:00:00+05:30,2026-05,SELL,0.536,78083.0,-810.5683421832499,SL,accumulation,15
2026-05-17 15:30:00+05:30,2026-05,SELL,0.607,78402.5,-745.210376288251,SL,accumulation,15
2026-05-18 00:00:00+05:30,2026-05,SELL,0.669,78083.5,-711.6239314371933,SL,trend-down,0
2026-05-18 01:00:00+05:30,2026-05,SELL,0.772,78336.5,997.9905536753629,TP2,accumulation,1
2026-05-18 04:30:00+05:30,2026-05,SELL,0.83,77814.0,1238.3568316565193,BE/TRAIL,trend-down,4
2026-05-19 00:00:00+05:30,2026-05,BUY,0.817,76301.5,1022.2899332723385,TP2,trend-down,0
2026-05-21 00:00:00+05:30,2026-05,BUY,0.909,77445.0,493.04554476895686,BE/TRAIL,accumulation,0
2026-05-23 00:00:00+05:30,2026-05,SELL,0.882,76551.5,373.4037596788551,BE/TRAIL,trend-down,0
2026-05-23 00:45:00+05:30,2026-05,SELL,0.849,76228.0,1041.3602276790018,TP2,trend-down,0
2026-05-23 08:15:00+05:30,2026-05,SELL,0.519,75543.0,1019.1752710558916,TP2,trend-down,8
2026-05-24 00:15:00+05:30,2026-05,BUY,0.643,75813.5,1679.2162683439358,BE/TRAIL,trend-up,0
2026-05-24 03:45:00+05:30,2026-05,BUY,0.765,76514.5,1038.0845736531423,TP2,trend-up,3
2026-05-25 00:00:00+05:30,2026-05,BUY,0.825,76610.0,-654.7585921554327,SL,trend-down,0
2026-05-25 03:15:00+05:30,2026-05,BUY,0.716,76106.0,1039.6848383438014,TP2,trend-down,3
2026-05-25 04:00:00+05:30,2026-05,BUY,0.899,76755.5,455.28734510189054,BE/TRAIL,accumulation,4
2026-05-26 00:00:00+05:30,2026-05,SELL,0.76,77580.5,998.2099517332945,TP2,trend-up,0
2026-05-27 01:30:00+05:30,2026-05,SELL,0.819,76090.5,539.4349740011612,BE/TRAIL,accumulation,1
2026-05-28 00:00:00+05:30,2026-05,SELL,0.883,74960.0,-600.6914308016122,SL,trend-down,0
2026-05-28 01:45:00+05:30,2026-05,SELL,0.951,75250.0,1049.2584506611308,TP2,accumulation,1
2026-05-28 04:00:00+05:30,2026-05,SELL,0.896,74598.5,1032.3531269976313,TP2,trend-down,4
2026-05-29 05:30:00+05:30,2026-05,SELL,0.679,73731.0,461.47286192515094,BE/TRAIL,accumulation,5
2026-05-29 10:45:00+05:30,2026-05,SELL,0.729,73553.0,-652.9505466004972,SL,trend-down,10
2026-05-29 12:00:00+05:30,2026-05,SELL,0.678,73676.5,231.40286756238066,BE/TRAIL,accumulation,12
2026-05-30 00:00:00+05:30,2026-05,SELL,0.663,73766.5,289.21120166554414,BE/TRAIL,trend-up,0
2026-05-30 02:30:00+05:30,2026-05,SELL,0.758,73777.0,333.5995804145243,BE/TRAIL,accumulation,2
2026-05-30 18:15:00+05:30,2026-05,SELL,0.761,73669.0,-879.6778690789338,SL,accumulation,18
2026-05-31 04:00:00+05:30,2026-05,BUY,0.818,73786.5,142.4330661186036,BE/TRAIL,trend-up,4
2026-05-31 06:30:00+05:30,2026-05,SELL,0.568,74119.5,-748.353756829456,SL,trend-up,6
2026-05-31 11:45:00+05:30,2026-05,SELL,0.613,74001.5,161.70483026802168,BE/TRAIL,trend-up,11
2026-06-01 05:00:00+05:30,2026-06,SELL,0.576,73554.0,-659.7440172460182,SL,accumulation,5
2026-06-01 08:15:00+05:30,2026-06,BUY,0.643,73774.0,-620.6942118148432,SL,accumulation,8
2026-06-02 00:00:00+05:30,2026-06,SELL,0.859,71487.0,331.18396463937466,BE/TRAIL,trend-down,0
2026-06-02 05:00:00+05:30,2026-06,SELL,0.824,71496.0,1047.414308300512,TP2,trend-down,5
2026-06-02 09:30:00+05:30,2026-06,BUY,0.606,70747.5,-581.9187005117778,SL,trend-down,9
2026-06-03 00:15:00+05:30,2026-06,BUY,0.599,67321.0,-536.4849182653718,SL,trend-down,0
2026-06-03 01:00:00+05:30,2026-06,BUY,0.625,66901.5,423.6329737720709,BE/TRAIL,trend-down,1
2026-06-03 07:30:00+05:30,2026-06,BUY,0.57,66807.5,-541.8424179839142,SL,trend-down,7
2026-06-04 00:00:00+05:30,2026-06,SELL,0.907,66015.0,1047.879469518654,TP2,trend-down,0
2026-06-04 02:30:00+05:30,2026-06,SELL,0.898,65377.5,-560.8656833923307,SL,trend-down,2
2026-06-04 03:30:00+05:30,2026-06,SELL,0.931,65301.0,1019.6981376002558,TP2,trend-down,3
2026-06-05 05:00:00+05:30,2026-06,BUY,0.605,63745.0,-563.3337363518649,SL,accumulation,5
2026-06-05 07:45:00+05:30,2026-06,BUY,0.595,62678.0,474.00544653498844,BE/TRAIL,accumulation,7
2026-06-05 12:00:00+05:30,2026-06,SELL,0.612,62124.0,-505.49261731215176,SL,trend-down,12
2026-06-06 09:45:00+05:30,2026-06,BUY,0.655,59933.0,-525.2244280309012,SL,accumulation,9
2026-06-06 10:30:00+05:30,2026-06,BUY,0.62,59864.5,1101.7198031196713,TP2,trend-down,10
2026-06-06 16:30:00+05:30,2026-06,BUY,0.66,60616.5,-97.502762322,TIMEOUT,accumulation,16
2026-06-07 00:15:00+05:30,2026-06,BUY,0.794,60611.5,1078.1457546328204,TP2,accumulation,0
2026-06-07 07:00:00+05:30,2026-06,BUY,0.545,61425.5,468.46595722543475,BE/TRAIL,trend-up,7
2026-06-07 11:15:00+05:30,2026-06,BUY,0.625,61715.0,1071.3951782207478,TP2,trend-up,11
2026-06-08 00:00:00+05:30,2026-06,BUY,0.857,62179.0,-580.9423099828257,SL,accumulation,0
2026-06-08 00:45:00+05:30,2026-06,BUY,0.697,61462.0,-560.2355023984909,SL,accumulation,0
2026-06-09 02:30:00+05:30,2026-06,SELL,0.913,63700.5,1040.6997432186504,TP2,accumulation,2
2026-06-09 12:45:00+05:30,2026-06,SELL,0.622,63006.5,1064.7597545351566,TP2,trend-down,12
2026-06-10 01:15:00+05:30,2026-06,SELL,0.877,62075.5,1087.6947939606553,TP2,trend-down,1
2026-06-10 11:30:00+05:30,2026-06,BUY,0.593,61371.0,-582.181406764465,SL,trend-down,11
2026-06-10 12:15:00+05:30,2026-06,BUY,0.589,61442.0,-606.6451423217746,SL,trend-down,12
